S12000033,00QA,Aberdeen City,S14000001,801,Aberdeen North
S12000033,00QA,Aberdeen City,S14000002,802,Aberdeen South
S12000033,00QA,Aberdeen City,S14000037,836,Gordon
S12000034,00QB,Aberdeenshire,S14000007,807,Banff and Buchan
S12000034,00QB,Aberdeenshire,S14000037,836,Gordon
S12000034,00QB,Aberdeenshire,S14000058,858,West Aberdeenshire and Kincardine
E07000223,45UB,Adur,E14000682,B54,East Worthing and Shoreham
E07000026,16UB,Allerdale,E14000647,B19,Copeland
E07000026,16UB,Allerdale,E14000877,D51,Penrith and The Border
E07000026,16UB,Allerdale,E14001053,F29,Workington
E07000032,17UB,Amber Valley,E14000533,A04,Amber Valley
E07000032,17UB,Amber Valley,E14000664,B36,Derbyshire Dales
E07000032,17UB,Amber Valley,E14000814,C87,Mid Derbyshire
S12000041,00QC,Angus,S14000004,804,Angus
S12000041,00QC,Angus,S14000015,815,Dundee East
S12000041,00QC,Angus,S14000016,816,Dundee West
,95T,Antrim,N06000014,N06000014,South Antrim
,95X,Ards,N06000013,N06000013,North Down
,95X,Ards,N06000016,N06000016,Strangford
S12000035,00QD,Argyll and Bute,S14000005,805,Argyll and Bute
,95O,Armagh,N06000011,N06000011,Newry and Armagh
E07000224,45UC,Arun,E14000534,A05,Arundel and South Downs
E07000224,45UC,Arun,E14000576,A47,Bognor Regis and Littlehampton
E07000224,45UC,Arun,E14001055,F31,Worthing West
E07000170,37UB,Ashfield,E14000535,A06,Ashfield
E07000170,37UB,Ashfield,E14000924,D98,Sherwood
E07000105,29UB,Ashford,E14000536,A07,Ashford
E07000105,29UB,Ashford,E14000704,B76,Folkestone and Hythe
E07000004,11UB,Aylesbury Vale,E14000538,A09,Aylesbury
E07000004,11UB,Aylesbury Vale,E14000608,A79,Buckingham
E07000200,42UB,Babergh,E14000946,E21,South Suffolk
,95G,Ballymena,N06000012,N06000012,North Antrim
,95D,Ballymoney,N06000012,N06000012,North Antrim
,95Q,Banbridge,N06000009,N06000009,Lagan Valley
,95Q,Banbridge,N06000015,N06000015,South Down
,95Q,Banbridge,N06000017,N06000017,Upper Bann
E09000002,00AB,Barking and Dagenham,E14000540,A11,Barking
E09000002,00AB,Barking and Dagenham,E14000657,B29,Dagenham and Rainham
E09000003,00AC,Barnet,E14000636,B08,Chipping Barnet
E09000003,00AC,Barnet,E14000703,B75,Finchley and Golders Green
E09000003,00AC,Barnet,E14000741,C14,Hendon
E08000016,00CC,Barnsley,E14000541,A12,Barnsley Central
E08000016,00CC,Barnsley,E14000542,A13,Barnsley East
E08000016,00CC,Barnsley,E14000876,D50,Penistone and Stocksbridge
E08000016,00CC,Barnsley,E14001028,F04,Wentworth and Dearne
E07000027,16UC,Barrow-in-Furness,E14000543,A14,Barrow and Furness
E07000066,22UB,Basildon,E14000544,A15,Basildon and Billericay
E07000066,22UB,Basildon,E14000888,D62,Rayleigh and Wickford
E07000066,22UB,Basildon,E14000933,E08,South Basildon and East Thurrock
E07000084,24UB,Basingstoke and Deane,E14000545,A16,Basingstoke
E07000084,24UB,Basingstoke and Deane,E14000844,D18,North East Hampshire
E07000084,24UB,Basingstoke and Deane,E14000857,D31,North West Hampshire
E07000171,37UC,Bassetlaw,E14000546,A17,Bassetlaw
E07000171,37UC,Bassetlaw,E14000829,D03,Newark
E06000022,00HA,Bath and North East Somerset,E14000547,A18,Bath
E06000022,00HA,Bath and North East Somerset,E14000846,D20,North East Somerset
E06000055,00KB,Bedford,E14000552,A23,Bedford
E06000055,00KB,Bedford,E14000813,C86,Mid Bedfordshire
E06000055,00KB,Bedford,E14000841,D15,North East Bedfordshire
,95Z,Belfast,N06000001,N06000001,Belfast East
,95Z,Belfast,N06000002,N06000002,Belfast North
,95Z,Belfast,N06000003,N06000003,Belfast South
,95Z,Belfast,N06000004,N06000004,Belfast West
E09000004,00AD,Bexley,E14000558,A29,Bexleyheath and Crayford
E09000004,00AD,Bexley,E14000696,B68,Erith and Thamesmead
E09000004,00AD,Bexley,E14000869,D43,Old Bexley and Sidcup
E08000025,00CN,Birmingham,E14000560,A31,"Birmingham, Edgbaston"
E08000025,00CN,Birmingham,E14000561,A32,"Birmingham, Erdington"
E08000025,00CN,Birmingham,E14000562,A33,"Birmingham, Hall Green"
E08000025,00CN,Birmingham,E14000563,A34,"Birmingham, Hodge Hill"
E08000025,00CN,Birmingham,E14000564,A35,"Birmingham, Ladywood"
E08000025,00CN,Birmingham,E14000565,A36,"Birmingham, Northfield"
E08000025,00CN,Birmingham,E14000566,A37,"Birmingham, Perry Barr"
E08000025,00CN,Birmingham,E14000567,A38,"Birmingham, Selly Oak"
E08000025,00CN,Birmingham,E14000568,A39,"Birmingham, Yardley"
E08000025,00CN,Birmingham,E14000985,E60,Sutton Coldfield
E07000129,31UB,Blaby,E14000625,A96,Charnwood
E07000129,31UB,Blaby,E14000940,E15,South Leicestershire
E06000008,00EX,Blackburn with Darwen,E14000570,A41,Blackburn
E06000008,00EX,Blackburn with Darwen,E14000902,D76,Rossendale and Darwen
E06000009,00EY,Blackpool,E14000572,A43,Blackpool North and Cleveleys
E06000009,00EY,Blackpool,E14000573,A44,Blackpool South
W06000019,00PL,Blaenau Gwent,W07000072,W32,Blaenau Gwent
E07000033,17UC,Bolsover,E14000577,A48,Bolsover
E08000001,00BL,Bolton,E14000578,A49,Bolton North East
E08000001,00BL,Bolton,E14000579,A50,Bolton South East
E08000001,00BL,Bolton,E14000580,A51,Bolton West
E07000136,32UB,Boston,E14000582,A53,Boston and Skegness
E06000028,00HN,Bournemouth,E14000584,A55,Bournemouth East
E06000028,00HN,Bournemouth,E14000585,A56,Bournemouth West
E06000036,00MA,Bracknell Forest,E14000586,A57,Bracknell
E06000036,00MA,Bracknell Forest,E14001042,F18,Windsor
E08000032,00CX,Bradford,E14000587,A58,Bradford East
E08000032,00CX,Bradford,E14000588,A59,Bradford South
E08000032,00CX,Bradford,E14000589,A60,Bradford West
E08000032,00CX,Bradford,E14000766,C39,Keighley
E08000032,00CX,Bradford,E14000925,D99,Shipley
E07000067,22UC,Braintree,E14000590,A61,Braintree
E07000067,22UC,Braintree,E14001045,F21,Witham
E07000143,33UB,Breckland,E14000816,C89,Mid Norfolk
E07000143,33UB,Breckland,E14000952,E27,South West Norfolk
E09000005,00AE,Brent,E14000591,A62,Brent Central
E09000005,00AE,Brent,E14000592,A63,Brent North
E09000005,00AE,Brent,E14000727,B99,Hampstead and Kilburn
E07000068,22UD,Brentwood,E14000594,A65,Brentwood and Ongar
W06000013,00PB,Bridgend,W07000073,W33,Bridgend
W06000013,00PB,Bridgend,W07000074,W34,Ogmore
E06000043,00ML,Brighton and Hove,E14000597,A68,"Brighton, Kemptown"
E06000043,00ML,Brighton and Hove,E14000598,A69,"Brighton, Pavilion"
E06000043,00ML,Brighton and Hove,E14000755,C28,Hove
E06000023,00HB,"Bristol, City of",E14000599,A70,Bristol East
E06000023,00HB,"Bristol, City of",E14000600,A71,Bristol North West
E06000023,00HB,"Bristol, City of",E14000601,A72,Bristol South
E06000023,00HB,"Bristol, City of",E14000602,A73,Bristol West
E07000144,33UC,Broadland,E14000603,A74,Broadland
E07000144,33UC,Broadland,E14000863,D37,Norwich North
E09000006,00AF,Bromley,E14000551,A22,Beckenham
E09000006,00AF,Bromley,E14000604,A75,Bromley and Chislehurst
E09000006,00AF,Bromley,E14000788,C61,Lewisham West and Penge
E09000006,00AF,Bromley,E14000872,D46,Orpington
E07000234,47UB,Bromsgrove,E14000605,A76,Bromsgrove
E07000095,26UB,Broxbourne,E14000606,A77,Broxbourne
E07000172,37UD,Broxtowe,E14000535,A06,Ashfield
E07000172,37UD,Broxtowe,E14000607,A78,Broxtowe
E07000117,30UD,Burnley,E14000609,A80,Burnley
E08000002,00BM,Bury,E14000611,A82,Bury North
E08000002,00BM,Bury,E14000612,A83,Bury South
W06000018,00PK,Caerphilly,W07000076,W36,Caerphilly
W06000018,00PK,Caerphilly,W07000077,W37,Islwyn
W06000018,00PK,Caerphilly,W07000071,W31,Merthyr Tydfil and Rhymney
E08000033,00CY,Calderdale,E14000614,A85,Calder Valley
E08000033,00CY,Calderdale,E14000723,B95,Halifax
E07000008,12UB,Cambridge,E14000617,A88,Cambridge
E07000008,12UB,Cambridge,E14000934,E09,South Cambridgeshire
E09000007,00AG,Camden,E14000727,B99,Hampstead and Kilburn
E09000007,00AG,Camden,E14000750,C23,Holborn and St Pancras
E07000192,41UB,Cannock Chase,E14000618,A89,Cannock Chase
E07000106,29UC,Canterbury,E14000619,A90,Canterbury
E07000106,29UC,Canterbury,E14000852,D26,North Thanet
W06000015,00PT,Cardiff,W07000050,W10,Cardiff Central
W06000015,00PT,Cardiff,W07000051,W11,Cardiff North
W06000015,00PT,Cardiff,W07000080,W40,Cardiff South and Penarth
W06000015,00PT,Cardiff,W07000079,W39,Cardiff West
E07000028,16UD,Carlisle,E14000620,A91,Carlisle
E07000028,16UD,Carlisle,E14000877,D51,Penrith and The Border
W06000010,00NU,Carmarthenshire,W07000067,W27,Carmarthen East and Dinefwr
W06000010,00NU,Carmarthenshire,W07000066,W26,Carmarthen West and South Pembrokeshire
W06000010,00NU,Carmarthenshire,W07000045,W05,Llanelli
,95V,Carrickfergus,N06000005,N06000005,East Antrim
E07000069,22UE,Castle Point,E14000622,A93,Castle Point
,95Y,Castlereagh,N06000001,N06000001,Belfast East
,95Y,Castlereagh,N06000003,N06000003,Belfast South
,95Y,Castlereagh,N06000016,N06000016,Strangford
E06000056,00KC,Central Bedfordshire,E14000801,C74,Luton South
E06000056,00KC,Central Bedfordshire,E14000813,C86,Mid Bedfordshire
E06000056,00KC,Central Bedfordshire,E14000841,D15,North East Bedfordshire
E06000056,00KC,Central Bedfordshire,E14000949,E24,South West Bedfordshire
W06000008,00NQ,Ceredigion,W07000064,W24,Ceredigion
E07000130,31UC,Charnwood,E14000625,A96,Charnwood
E07000130,31UC,Charnwood,E14000797,C70,Loughborough
E07000070,22UF,Chelmsford,E14000628,A99,Chelmsford
E07000070,22UF,Chelmsford,E14000806,C79,Maldon
E07000070,22UF,Chelmsford,E14000910,D84,Saffron Walden
E07000078,23UB,Cheltenham,E14000630,B02,Cheltenham
E07000078,23UB,Cheltenham,E14000990,E65,Tewkesbury
E07000177,38UB,Cherwell,E14000539,A10,Banbury
E07000177,38UB,Cherwell,E14000742,C15,Henley
E07000177,38UB,Cherwell,E14000874,D48,Oxford West and Abingdon
E06000049,00EQ,Cheshire East,E14000646,B18,Congleton
E06000049,00EQ,Cheshire East,E14000653,B25,Crewe and Nantwich
E06000049,00EQ,Cheshire East,E14000686,B58,Eddisbury
E06000049,00EQ,Cheshire East,E14000802,C75,Macclesfield
E06000049,00EQ,Cheshire East,E14000987,E62,Tatton
E06000050,00EW,Cheshire West and Chester,E14000640,B12,City of Chester
E06000050,00EW,Cheshire West and Chester,E14000686,B58,Eddisbury
E06000050,00EW,Cheshire West and Chester,E14000688,B60,Ellesmere Port and Neston
E06000050,00EW,Cheshire West and Chester,E14000987,E62,Tatton
E06000050,00EW,Cheshire West and Chester,E14001024,E99,Weaver Vale
E07000034,17UD,Chesterfield,E14000632,B04,Chesterfield
E07000034,17UD,Chesterfield,E14000843,D17,North East Derbyshire
E07000225,45UD,Chichester,E14000534,A05,Arundel and South Downs
E07000225,45UD,Chichester,E14000633,B05,Chichester
E07000005,11UC,Chiltern,E14000631,B03,Chesham and Amersham
E07000118,30UE,Chorley,E14000637,B09,Chorley
E07000118,30UE,Chorley,E14000943,E18,South Ribble
E07000048,19UC,Christchurch,E14000638,B10,Christchurch
S12000036,00QP,City of Edinburgh,S14000022,822,Edinburgh East
S12000036,00QP,City of Edinburgh,S14000023,823,Edinburgh North and Leith
S12000036,00QP,City of Edinburgh,S14000024,824,Edinburgh South
S12000036,00QP,City of Edinburgh,S14000025,825,Edinburgh South West
S12000036,00QP,City of Edinburgh,S14000026,826,Edinburgh West
E09000001,00AA,City of London,E14000639,B11,Cities of London and Westminster
S12000005,00QF,Clackmannanshire,S14000050,850,Ochil and South Perthshire
E07000071,22UG,Colchester,E14000644,B16,Colchester
E07000071,22UG,Colchester,E14000734,C07,Harwich and North Essex
E07000071,22UG,Colchester,E14001045,F21,Witham
,95C,Coleraine,N06000006,N06000006,East Londonderry
W06000003,00NE,Conwy,W07000058,W18,Aberconwy
W06000003,00NE,Conwy,W07000059,W19,Clwyd West
,95I,Cookstown,N06000010,N06000010,Mid Ulster
E07000029,16UE,Copeland,E14000647,B19,Copeland
E07000150,34UB,Corby,E14000648,B20,Corby
E06000052,00HE,Cornwall,E14000616,A87,Camborne and Redruth
E06000052,00HE,Cornwall,E14000837,D11,North Cornwall
E06000052,00HE,Cornwall,E14000938,E13,South East Cornwall
E06000052,00HE,Cornwall,E14000961,E36,St Austell and Newquay
E06000052,00HE,Cornwall,E14000964,E39,St Ives
E06000052,00HE,Cornwall,E14001003,E78,Truro and Falmouth
E07000079,23UC,Cotswold,E14000991,E66,The Cotswolds
E06000047,00EJ,County Durham,E14000569,A40,Bishop Auckland
E06000047,00EJ,County Durham,E14000641,B13,City of Durham
E06000047,00EJ,County Durham,E14000677,B49,Easington
E06000047,00EJ,County Durham,E14000840,D14,North Durham
E06000047,00EJ,County Durham,E14000856,D30,North West Durham
E06000047,00EJ,County Durham,E14000915,D89,Sedgefield
E08000026,00CQ,Coventry,E14000649,B21,Coventry North East
E08000026,00CQ,Coventry,E14000650,B22,Coventry North West
E08000026,00CQ,Coventry,E14000651,B23,Coventry South
,95N,Craigavon,N06000017,N06000017,Upper Bann
E07000163,36UB,Craven,E14000928,E03,Skipton and Ripon
E07000226,45UE,Crawley,E14000652,B24,Crawley
E09000008,00AH,Croydon,E14000654,B26,Croydon Central
E09000008,00AH,Croydon,E14000655,B27,Croydon North
E09000008,00AH,Croydon,E14000656,B28,Croydon South
E07000096,26UC,Dacorum,E14000739,C12,Hemel Hempstead
E07000096,26UC,Dacorum,E14000951,E26,South West Hertfordshire
E06000005,00EH,Darlington,E14000658,B30,Darlington
E06000005,00EH,Darlington,E14000915,D89,Sedgefield
E07000107,29UD,Dartford,E14000659,B31,Dartford
E07000151,34UC,Daventry,E14000660,B32,Daventry
W06000004,00NG,Denbighshire,W07000062,W22,Clwyd South
W06000004,00NG,Denbighshire,W07000059,W19,Clwyd West
W06000004,00NG,Denbighshire,W07000060,W20,Vale of Clwyd
E06000015,00FK,Derby,E14000662,B34,Derby North
E06000015,00FK,Derby,E14000663,B35,Derby South
E06000015,00FK,Derby,E14000814,C87,Mid Derbyshire
E07000035,17UF,Derbyshire Dales,E14000664,B36,Derbyshire Dales
,95A,Derry,N06000006,N06000006,East Londonderry
,95A,Derry,N06000008,N06000008,Foyle
E08000017,00CE,Doncaster,E14000667,B39,Don Valley
E08000017,00CE,Doncaster,E14000668,B40,Doncaster Central
E08000017,00CE,Doncaster,E14000669,B41,Doncaster North
E07000108,29UE,Dover,E14000670,B42,Dover
E07000108,29UE,Dover,E14000948,E23,South Thanet
,95R,Down,N06000015,N06000015,South Down
,95R,Down,N06000016,N06000016,Strangford
E08000027,00CR,Dudley,E14000671,B43,Dudley North
E08000027,00CR,Dudley,E14000672,B44,Dudley South
E08000027,00CR,Dudley,E14000722,B94,Halesowen and Rowley Regis
E08000027,00CR,Dudley,E14000976,E51,Stourbridge
E08000027,00CR,Dudley,E14001050,F26,Wolverhampton South East
S12000006,00QH,Dumfries and Galloway,S14000013,813,Dumfries and Galloway
S12000006,00QH,Dumfries and Galloway,S14000014,814,"Dumfriesshire, Clydesdale and Tweeddale"
S12000042,00QJ,Dundee City,S14000015,815,Dundee East
S12000042,00QJ,Dundee City,S14000016,816,Dundee West
,95M,Dungannon,N06000007,N06000007,Fermanagh and South Tyrone
,95M,Dungannon,N06000010,N06000010,Mid Ulster
E09000009,00AJ,Ealing,E14000674,B46,Ealing Central and Acton
E09000009,00AJ,Ealing,E14000675,B47,Ealing North
E09000009,00AJ,Ealing,E14000676,B48,"Ealing, Southall"
S12000008,00QK,East Ayrshire,S14000006,806,"Ayr, Carrick and Cumnock"
S12000008,00QK,East Ayrshire,S14000040,839,Kilmarnock and Loudoun
E07000009,12UC,East Cambridgeshire,E14000842,D16,North East Cambridgeshire
E07000009,12UC,East Cambridgeshire,E14000937,E12,South East Cambridgeshire
E07000040,18UB,East Devon,E14000623,A94,Central Devon
E07000040,18UB,East Devon,E14000678,B50,East Devon
E07000040,18UB,East Devon,E14000996,E71,Tiverton and Honiton
E07000049,19UD,East Dorset,E14000638,B10,Christchurch
E07000049,19UD,East Dorset,E14000815,C88,Mid Dorset and North Poole
E07000049,19UD,East Dorset,E14000839,D13,North Dorset
S12000045,00QL,East Dunbartonshire,S14000012,812,"Cumbernauld, Kilsyth and Kirkintilloch East"
S12000045,00QL,East Dunbartonshire,S14000018,818,East Dunbartonshire
E07000085,24UC,East Hampshire,E14000680,B52,East Hampshire
E07000085,24UC,East Hampshire,E14000811,C84,Meon Valley
E07000097,26UD,East Hertfordshire,E14000744,C17,Hertford and Stortford
E07000097,26UD,East Hertfordshire,E14000845,D19,North East Hertfordshire
E07000097,26UD,East Hertfordshire,E14000968,E43,Stevenage
E07000137,32UC,East Lindsey,E14000582,A53,Boston and Skegness
E07000137,32UC,East Lindsey,E14000707,B79,Gainsborough
E07000137,32UC,East Lindsey,E14000798,C71,Louth and Horncastle
S12000010,00QM,East Lothian,S14000020,820,East Lothian
E07000152,34UD,East Northamptonshire,E14000648,B20,Corby
E07000152,34UD,East Northamptonshire,E14001025,F01,Wellingborough
S12000011,00QN,East Renfrewshire,S14000021,821,East Renfrewshire
E06000011,00FB,East Riding of Yorkshire,E14000556,A27,Beverley and Holderness
E06000011,00FB,East Riding of Yorkshire,E14000596,A67,Brigg and Goole
E06000011,00FB,East Riding of Yorkshire,E14000683,B55,East Yorkshire
E06000011,00FB,East Riding of Yorkshire,E14000724,B96,Haltemprice and Howden
E06000011,00FB,East Riding of Yorkshire,E14000773,C46,Kingston upon Hull West and Hessle
E07000193,41UC,East Staffordshire,E14000610,A81,Burton
E07000193,41UC,East Staffordshire,E14000791,C64,Lichfield
E07000061,21UC,Eastbourne,E14000684,B56,Eastbourne
E07000086,24UD,Eastleigh,E14000685,B57,Eastleigh
E07000086,24UD,Eastleigh,E14001041,F17,Winchester
E07000030,16UF,Eden,E14000877,D51,Penrith and The Border
S12000013,00RJ,Eilean Siar ,S14000027,847,Na h-Eileanan an Iar
E07000207,43UB,Elmbridge,E14000697,B69,Esher and Walton
E07000207,43UB,Elmbridge,E14000907,D81,Runnymede and Weybridge
E09000010,00AK,Enfield,E14000687,B59,Edmonton
E09000010,00AK,Enfield,E14000691,B63,Enfield North
E09000010,00AK,Enfield,E14000692,B64,"Enfield, Southgate"
E07000072,22UH,Epping Forest,E14000594,A65,Brentwood and Ongar
E07000072,22UH,Epping Forest,E14000693,B65,Epping Forest
E07000072,22UH,Epping Forest,E14000729,C02,Harlow
E07000208,43UC,Epsom and Ewell,E14000694,B66,Epsom and Ewell
E07000036,17UG,Erewash,E14000695,B67,Erewash
E07000036,17UG,Erewash,E14000814,C87,Mid Derbyshire
E07000041,18UC,Exeter,E14000678,B50,East Devon
E07000041,18UC,Exeter,E14000698,B70,Exeter
S12000014,00QQ,Falkirk,S14000028,827,Falkirk
S12000014,00QQ,Falkirk,S14000043,842,Linlithgow and East Falkirk
E07000087,24UE,Fareham,E14000699,B71,Fareham
E07000087,24UE,Fareham,E14000713,B85,Gosport
E07000010,12UD,Fenland,E14000842,D16,North East Cambridgeshire
,95L,Fermanagh,N06000007,N06000007,Fermanagh and South Tyrone
S12000015,00QR,Fife,S14000017,817,Dunfermline and West Fife
S12000015,00QR,Fife,S14000036,835,Glenrothes
S12000015,00QR,Fife,S14000041,840,Kirkcaldy and Cowdenbeath
S12000015,00QR,Fife,S14000049,849,North East Fife
W06000005,00NJ,Flintshire,W07000043,W03,Alyn and Deeside
W06000005,00NJ,Flintshire,W07000042,W02,Delyn
E07000201,42UC,Forest Heath,E14001034,F10,West Suffolk
E07000080,23UD,Forest of Dean,E14000705,B77,Forest of Dean
E07000119,30UF,Fylde,E14000706,B78,Fylde
E08000020,00CH,Gateshead,E14000574,A45,Blaydon
E08000020,00CH,Gateshead,E14000709,B81,Gateshead
E08000020,00CH,Gateshead,E14000765,C38,Jarrow
E07000173,37UE,Gedling,E14000710,B82,Gedling
E07000173,37UE,Gedling,E14000924,D98,Sherwood
S12000046,00QS,Glasgow City,S14000029,828,Glasgow Central
S12000046,00QS,Glasgow City,S14000030,829,Glasgow East
S12000046,00QS,Glasgow City,S14000031,830,Glasgow North
S12000046,00QS,Glasgow City,S14000032,831,Glasgow North East
S12000046,00QS,Glasgow City,S14000033,832,Glasgow North West
S12000046,00QS,Glasgow City,S14000034,833,Glasgow South
S12000046,00QS,Glasgow City,S14000035,834,Glasgow South West
E07000081,23UE,Gloucester,E14000712,B84,Gloucester
E07000081,23UE,Gloucester,E14000990,E65,Tewkesbury
E07000088,24UF,Gosport,E14000713,B85,Gosport
E07000109,29UG,Gravesham,E14000715,B87,Gravesham
E07000145,33UD,Great Yarmouth,E14000717,B89,Great Yarmouth
E09000011,00AL,Greenwich,E14000690,B62,Eltham
E09000011,00AL,Greenwich,E14000696,B68,Erith and Thamesmead
E09000011,00AL,Greenwich,E14000718,B90,Greenwich and Woolwich
E07000209,43UD,Guildford,E14000719,B91,Guildford
E07000209,43UD,Guildford,E14000824,C97,Mole Valley
E07000209,43UD,Guildford,E14000983,E58,Surrey Heath
E07000209,43UD,Guildford,E14001047,F23,Woking
W06000002,00NC,Gwynedd,W07000057,W17,Arfon
W06000002,00NC,Gwynedd,W07000061,W21,Dwyfor Meirionnydd
E09000012,00AM,Hackney,E14000720,B92,Hackney North and Stoke Newington
E09000012,00AM,Hackney,E14000721,B93,Hackney South and Shoreditch
E06000006,00ET,Halton,E14000725,B97,Halton
E06000006,00ET,Halton,E14001024,E99,Weaver Vale
E07000164,36UC,Hambleton,E14000895,D69,Richmond (Yorks)
E07000164,36UC,Hambleton,E14000993,E68,Thirsk and Malton
E09000013,00AN,Hammersmith and Fulham,E14000629,B01,Chelsea and Fulham
E09000013,00AN,Hammersmith and Fulham,E14000726,B98,Hammersmith
E07000131,31UD,Harborough,E14000728,C01,Harborough
E07000131,31UD,Harborough,E14000909,D83,Rutland and Melton
E07000131,31UD,Harborough,E14000940,E15,South Leicestershire
E09000014,00AP,Haringey,E14000752,C25,Hornsey and Wood Green
E09000014,00AP,Haringey,E14001002,E77,Tottenham
E07000073,22UJ,Harlow,E14000729,C02,Harlow
E07000165,36UD,Harrogate,E14000730,C03,Harrogate and Knaresborough
E07000165,36UD,Harrogate,E14000917,D91,Selby and Ainsty
E07000165,36UD,Harrogate,E14000928,E03,Skipton and Ripon
E09000015,00AQ,Harrow,E14000731,C04,Harrow East
E09000015,00AQ,Harrow,E14000732,C05,Harrow West
E09000015,00AQ,Harrow,E14000906,D80,"Ruislip, Northwood and Pinner"
E07000089,24UG,Hart,E14000530,A01,Aldershot
E07000089,24UG,Hart,E14000844,D18,North East Hampshire
E06000001,00EB,Hartlepool,E14000733,C06,Hartlepool
E07000062,21UD,Hastings,E14000735,C08,Hastings and Rye
E07000090,24UH,Havant,E14000736,C09,Havant
E07000090,24UH,Havant,E14000811,C84,Meon Valley
E09000016,00AR,Havering,E14000657,B29,Dagenham and Rainham
E09000016,00AR,Havering,E14000751,C24,Hornchurch and Upminster
E09000016,00AR,Havering,E14000900,D74,Romford
E06000019,00GA,"Herefordshire, County of",E14000743,C16,Hereford and South Herefordshire
E06000019,00GA,"Herefordshire, County of",E14000847,D21,North Herefordshire
E07000098,26UE,Hertsmere,E14000745,C18,Hertsmere
E07000037,17UH,High Peak,E14000748,C21,High Peak
S12000017,00QT,Highland,S14000009,809,"Caithness, Sutherland and Easter Ross"
S12000017,00QT,Highland,S14000039,838,"Inverness, Nairn, Badenoch and Strathspey"
S12000017,00QT,Highland,S14000055,855,"Ross, Skye and Lochaber"
E09000017,00AS,Hillingdon,E14000737,C10,Hayes and Harlington
E09000017,00AS,Hillingdon,E14000906,D80,"Ruislip, Northwood and Pinner"
E09000017,00AS,Hillingdon,E14001007,E82,Uxbridge and South Ruislip
E07000132,31UE,Hinckley and Bosworth,E14000583,A54,Bosworth
E07000132,31UE,Hinckley and Bosworth,E14000625,A96,Charnwood
E07000227,45UF,Horsham,E14000534,A05,Arundel and South Downs
E07000227,45UF,Horsham,E14000753,C26,Horsham
E09000018,00AT,Hounslow,E14000593,A64,Brentford and Isleworth
E09000018,00AT,Hounslow,E14000701,B73,Feltham and Heston
E07000011,12UE,Huntingdonshire,E14000757,C30,Huntingdon
E07000011,12UE,Huntingdonshire,E14000855,D29,North West Cambridgeshire
E07000120,30UG,Hyndburn,E14000758,C31,Hyndburn
S12000018,00QU,Inverclyde,S14000038,837,Inverclyde
E07000202,42UD,Ipswich,E14000624,A95,Central Suffolk and North Ipswich
E07000202,42UD,Ipswich,E14000761,C34,Ipswich
W06000001,00NA,Isle of Anglesey,W07000041,W01,Ynys Môn
E06000046,00MW,Isle of Wight,E14000762,C35,Isle of Wight
E06000053,00HF,Isles of Scilly,E14000964,E39,St Ives
E09000019,00AU,Islington,E14000763,C36,Islington North
E09000019,00AU,Islington,E14000764,C37,Islington South and Finsbury
E09000020,00AW,Kensington and Chelsea,E14000629,B01,Chelsea and Fulham
E09000020,00AW,Kensington and Chelsea,E14000768,C41,Kensington
E07000153,34UE,Kettering,E14000769,C42,Kettering
E07000146,33UE,King's Lynn and West Norfolk,E14000859,D33,North West Norfolk
E07000146,33UE,King's Lynn and West Norfolk,E14000952,E27,South West Norfolk
E06000010,00FA,"Kingston upon Hull, City of",E14000771,C44,Kingston upon Hull East
E06000010,00FA,"Kingston upon Hull, City of",E14000772,C45,Kingston upon Hull North
E06000010,00FA,"Kingston upon Hull, City of",E14000773,C46,Kingston upon Hull West and Hessle
E09000021,00AX,Kingston upon Thames,E14000770,C43,Kingston and Surbiton
E09000021,00AX,Kingston upon Thames,E14000896,D70,Richmond Park
E08000034,00CZ,Kirklees,E14000548,A19,Batley and Spen
E08000034,00CZ,Kirklees,E14000645,B17,Colne Valley
E08000034,00CZ,Kirklees,E14000666,B38,Dewsbury
E08000034,00CZ,Kirklees,E14000756,C29,Huddersfield
E08000011,00BX,Knowsley,E14000708,B80,Garston and Halewood
E08000011,00BX,Knowsley,E14000775,C48,Knowsley
E08000011,00BX,Knowsley,E14000963,E38,St Helens South and Whiston
LAD12CD,LAD12CDO,LAD12NM,PCON12CD,PCON12CDO,PCON12NM
E09000022,00AY,Lambeth,E14000673,B45,Dulwich and West Norwood
E09000022,00AY,Lambeth,E14000978,E53,Streatham
E09000022,00AY,Lambeth,E14001008,E83,Vauxhall
E07000121,30UH,Lancaster,E14000776,C49,Lancaster and Fleetwood
E07000121,30UH,Lancaster,E14000825,C98,Morecambe and Lunesdale
,95F,Larne,N06000005,N06000005,East Antrim
E08000035,00DA,Leeds,E14000689,B61,Elmet and Rothwell
E08000035,00DA,Leeds,E14000777,C50,Leeds Central
E08000035,00DA,Leeds,E14000778,C51,Leeds East
E08000035,00DA,Leeds,E14000779,C52,Leeds North East
E08000035,00DA,Leeds,E14000780,C53,Leeds North West
E08000035,00DA,Leeds,E14000781,C54,Leeds West
E08000035,00DA,Leeds,E14000826,C99,Morley and Outwood
E08000035,00DA,Leeds,E14000886,D60,Pudsey
E06000016,00FN,Leicester,E14000782,C55,Leicester East
E06000016,00FN,Leicester,E14000783,C56,Leicester South
E06000016,00FN,Leicester,E14000784,C57,Leicester West
E07000063,21UF,Lewes,E14000597,A68,"Brighton, Kemptown"
E07000063,21UF,Lewes,E14000786,C59,Lewes
E09000023,00AZ,Lewisham,E14000787,C60,Lewisham East
E09000023,00AZ,Lewisham,E14000788,C61,Lewisham West and Penge
E09000023,00AZ,Lewisham,E14000789,C62,"Lewisham, Deptford"
E07000194,41UD,Lichfield,E14000791,C64,Lichfield
E07000194,41UD,Lichfield,E14000986,E61,Tamworth
,95B,Limavady,N06000006,N06000006,East Londonderry
E07000138,32UD,Lincoln,E14000792,C65,Lincoln
,95S,Lisburn,N06000004,N06000004,Belfast West
,95S,Lisburn,N06000009,N06000009,Lagan Valley
,95S,Lisburn,N06000014,N06000014,South Antrim
E08000012,00BY,Liverpool,E14000708,B80,Garston and Halewood
E08000012,00BY,Liverpool,E14000793,C66,"Liverpool, Riverside"
E08000012,00BY,Liverpool,E14000794,C67,"Liverpool, Walton"
E08000012,00BY,Liverpool,E14000795,C68,"Liverpool, Wavertree"
E08000012,00BY,Liverpool,E14000796,C69,"Liverpool, West Derby"
E06000032,00KA,Luton,E14000800,C73,Luton North
E06000032,00KA,Luton,E14000801,C74,Luton South
,95H,Magherafelt,N06000010,N06000010,Mid Ulster
E07000110,29UH,Maidstone,E14000700,B72,Faversham and Mid Kent
E07000110,29UH,Maidstone,E14000804,C77,Maidstone and The Weald
E07000074,22UK,Maldon,E14000806,C79,Maldon
E07000074,22UK,Maldon,E14001045,F21,Witham
E07000235,47UC,Malvern Hills,E14001035,F11,West Worcestershire
E08000003,00BN,Manchester,E14000571,A42,Blackley and Broughton
E08000003,00BN,Manchester,E14000807,C80,Manchester Central
E08000003,00BN,Manchester,E14000808,C81,"Manchester, Gorton"
E08000003,00BN,Manchester,E14000809,C82,"Manchester, Withington"
E08000003,00BN,Manchester,E14001059,F35,Wythenshawe and Sale East
E07000174,37UF,Mansfield,E14000810,C83,Mansfield
E06000035,00LC,Medway,E14000626,A97,Chatham and Aylesford
E06000035,00LC,Medway,E14000711,B83,Gillingham and Rainham
E06000035,00LC,Medway,E14000898,D72,Rochester and Strood
E07000133,31UG,Melton,E14000909,D83,Rutland and Melton
E07000187,40UB,Mendip,E14000932,E07,Somerton and Frome
E07000187,40UB,Mendip,E14001026,F02,Wells
W06000024,00PH,Merthyr Tydfil,W07000068,W28,Brecon and Radnorshire
W06000024,00PH,Merthyr Tydfil,W07000071,W31,Merthyr Tydfil and Rhymney
E09000024,00BA,Merton,E14000823,C96,Mitcham and Morden
E09000024,00BA,Merton,E14001040,F16,Wimbledon
E07000042,18UD,Mid Devon,E14000623,A94,Central Devon
E07000042,18UD,Mid Devon,E14000996,E71,Tiverton and Honiton
E07000203,42UE,Mid Suffolk,E14000613,A84,Bury St Edmunds
E07000203,42UE,Mid Suffolk,E14000624,A95,Central Suffolk and North Ipswich
E07000228,45UG,Mid Sussex,E14000534,A05,Arundel and South Downs
E07000228,45UG,Mid Sussex,E14000753,C26,Horsham
E07000228,45UG,Mid Sussex,E14000817,C90,Mid Sussex
E06000002,00EC,Middlesbrough,E14000819,C92,Middlesbrough
E06000002,00EC,Middlesbrough,E14000820,C93,Middlesbrough South and East Cleveland
S12000019,00QW,Midlothian,S14000045,844,Midlothian
E06000042,00MG,Milton Keynes,E14000821,C94,Milton Keynes North
E06000042,00MG,Milton Keynes,E14000822,C95,Milton Keynes South
E07000210,43UE,Mole Valley,E14000694,B66,Epsom and Ewell
E07000210,43UE,Mole Valley,E14000824,C97,Mole Valley
W06000021,00PP,Monmouthshire,W07000054,W14,Monmouth
W06000021,00PP,Monmouthshire,W07000055,W15,Newport East
S12000020,00QX,Moray,S14000046,845,Moray
,95E,Moyle,N06000005,N06000005,East Antrim
,95E,Moyle,N06000012,N06000012,North Antrim
W06000012,00NZ,Neath Port Talbot,W07000049,W09,Aberavon
W06000012,00NZ,Neath Port Talbot,W07000069,W29,Neath
E07000091,24UJ,New Forest,E14000827,D01,New Forest East
E07000091,24UJ,New Forest,E14000828,D02,New Forest West
E07000175,37UG,Newark and Sherwood,E14000829,D03,Newark
E07000175,37UG,Newark and Sherwood,E14000924,D98,Sherwood
E08000021,00CJ,Newcastle upon Tyne,E14000831,D05,Newcastle upon Tyne Central
E08000021,00CJ,Newcastle upon Tyne,E14000832,D06,Newcastle upon Tyne East
E08000021,00CJ,Newcastle upon Tyne,E14000833,D07,Newcastle upon Tyne North
E07000195,41UE,Newcastle-under-Lyme,E14000834,D08,Newcastle-under-Lyme
E07000195,41UE,Newcastle-under-Lyme,E14000966,E41,Staffordshire Moorlands
E07000195,41UE,Newcastle-under-Lyme,E14000973,E48,Stoke-on-Trent North
E07000195,41UE,Newcastle-under-Lyme,E14000975,E50,Stone
E09000025,00BB,Newham,E14000679,B51,East Ham
E09000025,00BB,Newham,E14001032,F08,West Ham
W06000022,00PR,Newport,W07000055,W15,Newport East
W06000022,00PR,Newport,W07000056,W16,Newport West
,95P,Newry and Mourne,N06000011,N06000011,Newry and Armagh
,95P,Newry and Mourne,N06000015,N06000015,South Down
,95U,Newtownabbey,N06000002,N06000002,Belfast North
,95U,Newtownabbey,N06000005,N06000005,East Antrim
,95U,Newtownabbey,N06000014,N06000014,South Antrim
S12000021,00QY,North Ayrshire,S14000010,810,Central Ayrshire
S12000021,00QY,North Ayrshire,S14000048,848,North Ayrshire and Arran
E07000043,18UE,North Devon,E14000838,D12,North Devon
E07000050,19UE,North Dorset,E14000839,D13,North Dorset
,95W,North Down,N06000013,N06000013,North Down
E07000038,17UJ,North East Derbyshire,E14000577,A48,Bolsover
E07000038,17UJ,North East Derbyshire,E14000843,D17,North East Derbyshire
E06000012,00FC,North East Lincolnshire,E14000643,B15,Cleethorpes
E06000012,00FC,North East Lincolnshire,E14000716,B88,Great Grimsby
E07000099,26UF,North Hertfordshire,E14000749,C22,Hitchin and Harpenden
E07000099,26UF,North Hertfordshire,E14000845,D19,North East Hertfordshire
E07000099,26UF,North Hertfordshire,E14000968,E43,Stevenage
E07000139,32UE,North Kesteven,E14000792,C65,Lincoln
E07000139,32UE,North Kesteven,E14000929,E04,Sleaford and North Hykeham
S12000044,00QZ,North Lanarkshire,S14000003,803,Airdrie and Shotts
S12000044,00QZ,North Lanarkshire,S14000011,811,"Coatbridge, Chryston and Bellshill"
S12000044,00QZ,North Lanarkshire,S14000012,812,"Cumbernauld, Kilsyth and Kirkintilloch East"
S12000044,00QZ,North Lanarkshire,S14000047,846,Motherwell and Wishaw
E06000013,00FD,North Lincolnshire,E14000596,A67,Brigg and Goole
E06000013,00FD,North Lincolnshire,E14000643,B15,Cleethorpes
E06000013,00FD,North Lincolnshire,E14000914,D88,Scunthorpe
E07000147,33UF,North Norfolk,E14000603,A74,Broadland
E07000147,33UF,North Norfolk,E14000848,D22,North Norfolk
E06000024,00HC,North Somerset,E14000850,D24,North Somerset
E06000024,00HC,North Somerset,E14001038,F14,Weston-Super-Mare
E08000022,00CK,North Tyneside,E14000853,D27,North Tyneside
E08000022,00CK,North Tyneside,E14001006,E81,Tynemouth
E07000218,44UB,North Warwickshire,E14000854,D28,North Warwickshire
E07000218,44UB,North Warwickshire,E14000868,D42,Nuneaton
E07000134,31UH,North West Leicestershire,E14000858,D32,North West Leicestershire
E07000154,34UF,Northampton,E14000861,D35,Northampton North
E07000154,34UF,Northampton,E14000862,D36,Northampton South
E07000154,34UF,Northampton,E14000942,E17,South Northamptonshire
E06000048,00EM,Northumberland,E14000554,A25,Berwick-upon-Tweed
E06000048,00EM,Northumberland,E14000575,A46,Blyth Valley
E06000048,00EM,Northumberland,E14000746,C19,Hexham
E06000048,00EM,Northumberland,E14001014,E89,Wansbeck
E07000148,33UG,Norwich,E14000863,D37,Norwich North
E07000148,33UG,Norwich,E14000864,D38,Norwich South
E06000018,00FY,Nottingham,E14000865,D39,Nottingham East
E06000018,00FY,Nottingham,E14000866,D40,Nottingham North
E06000018,00FY,Nottingham,E14000867,D41,Nottingham South
E07000219,44UC,Nuneaton and Bedworth,E14000854,D28,North Warwickshire
E07000219,44UC,Nuneaton and Bedworth,E14000868,D42,Nuneaton
E07000219,44UC,Nuneaton and Bedworth,E14000905,D79,Rugby
E07000135,31UJ,Oadby and Wigston,E14000728,C01,Harborough
E08000004,00BP,Oldham,E14000537,A08,Ashton-under-Lyne
E08000004,00BP,Oldham,E14000870,D44,Oldham East and Saddleworth
E08000004,00BP,Oldham,E14000871,D45,Oldham West and Royton
,95K,Omagh,N06000018,N06000018,West Tyrone
S12000023,00RA,Orkney Islands,S14000051,851,Orkney and Shetland
E07000178,38UC,Oxford,E14000873,D47,Oxford East
E07000178,38UC,Oxford,E14000874,D48,Oxford West and Abingdon
W06000009,00NS,Pembrokeshire,W07000066,W26,Carmarthen West and South Pembrokeshire
W06000009,00NS,Pembrokeshire,W07000065,W25,Preseli Pembrokeshire
E07000122,30UJ,Pendle,E14000875,D49,Pendle
S12000024,00RB,Perth and Kinross,S14000050,850,Ochil and South Perthshire
S12000024,00RB,Perth and Kinross,S14000054,854,Perth and North Perthshire
E06000031,00JA,Peterborough,E14000855,D29,North West Cambridgeshire
E06000031,00JA,Peterborough,E14000878,D52,Peterborough
E06000026,00HG,Plymouth,E14000879,D53,"Plymouth, Moor View"
E06000026,00HG,Plymouth,E14000880,D54,"Plymouth, Sutton and Devonport"
E06000026,00HG,Plymouth,E14000950,E25,South West Devon
E06000029,00HP,Poole,E14000585,A56,Bournemouth West
E06000029,00HP,Poole,E14000815,C88,Mid Dorset and North Poole
E06000029,00HP,Poole,E14000881,D55,Poole
E06000044,00MR,Portsmouth,E14000883,D57,Portsmouth North
E06000044,00MR,Portsmouth,E14000884,D58,Portsmouth South
W06000023,00NN,Powys,W07000068,W28,Brecon and Radnorshire
W06000023,00NN,Powys,W07000063,W23,Montgomeryshire
E07000123,30UK,Preston,E14000706,B78,Fylde
E07000123,30UK,Preston,E14000885,D59,Preston
E07000123,30UK,Preston,E14001057,F33,Wyre and Preston North
E07000051,19UG,Purbeck,E14000815,C88,Mid Dorset and North Poole
E07000051,19UG,Purbeck,E14000936,E11,South Dorset
E06000038,00MC,Reading,E14000889,D63,Reading East
E06000038,00MC,Reading,E14000890,D64,Reading West
E09000026,00BC,Redbridge,E14000634,B06,Chingford and Woodford Green
E09000026,00BC,Redbridge,E14000759,C32,Ilford North
E09000026,00BC,Redbridge,E14000760,C33,Ilford South
E09000026,00BC,Redbridge,E14000790,C63,Leyton and Wanstead
E06000003,00EE,Redcar and Cleveland,E14000820,C93,Middlesbrough South and East Cleveland
E06000003,00EE,Redcar and Cleveland,E14000891,D65,Redcar
E07000236,47UD,Redditch,E14000892,D66,Redditch
E07000211,43UF,Reigate and Banstead,E14000681,B53,East Surrey
E07000211,43UF,Reigate and Banstead,E14000694,B66,Epsom and Ewell
E07000211,43UF,Reigate and Banstead,E14000893,D67,Reigate
S12000038,00RC,Renfrewshire,S14000052,852,Paisley and Renfrewshire North
S12000038,00RC,Renfrewshire,S14000053,853,Paisley and Renfrewshire South
W06000016,00PF,Rhondda Cynon Taf,W07000070,W30,Cynon Valley
W06000016,00PF,Rhondda Cynon Taf,W07000074,W34,Ogmore
W06000016,00PF,Rhondda Cynon Taf,W07000075,W35,Pontypridd
W06000016,00PF,Rhondda Cynon Taf,W07000052,W12,Rhondda
E07000124,30UL,Ribble Valley,E14000894,D68,Ribble Valley
E09000027,00BD,Richmond upon Thames,E14000896,D70,Richmond Park
E09000027,00BD,Richmond upon Thames,E14001005,E80,Twickenham
E07000166,36UE,Richmondshire,E14000895,D69,Richmond (Yorks)
E08000005,00BQ,Rochdale,E14000747,C20,Heywood and Middleton
E08000005,00BQ,Rochdale,E14000897,D71,Rochdale
E07000075,22UL,Rochford,E14000888,D62,Rayleigh and Wickford
E07000075,22UL,Rochford,E14000899,D73,Rochford and Southend East
E07000125,30UM,Rossendale,E14000758,C31,Hyndburn
E07000125,30UM,Rossendale,E14000902,D76,Rossendale and Darwen
E07000064,21UG,Rother,E14000557,A28,Bexhill and Battle
E07000064,21UG,Rother,E14000735,C08,Hastings and Rye
E08000018,00CF,Rotherham,E14000903,D77,Rother Valley
E08000018,00CF,Rotherham,E14000904,D78,Rotherham
E08000018,00CF,Rotherham,E14001028,F04,Wentworth and Dearne
E07000220,44UD,Rugby,E14000767,C40,Kenilworth and Southam
E07000220,44UD,Rugby,E14000905,D79,Rugby
E07000212,43UG,Runnymede,E14000907,D81,Runnymede and Weybridge
E07000176,37UJ,Rushcliffe,E14000829,D03,Newark
E07000176,37UJ,Rushcliffe,E14000908,D82,Rushcliffe
E07000092,24UL,Rushmoor,E14000530,A01,Aldershot
E06000017,00FP,Rutland,E14000909,D83,Rutland and Melton
E07000167,36UF,Ryedale,E14000993,E68,Thirsk and Malton
E08000006,00BR,Salford,E14000571,A42,Blackley and Broughton
E08000006,00BR,Salford,E14000911,D85,Salford and Eccles
E08000006,00BR,Salford,E14001054,F30,Worsley and Eccles South
E08000028,00CS,Sandwell,E14000722,B94,Halesowen and Rowley Regis
E08000028,00CS,Sandwell,E14001016,E91,Warley
E08000028,00CS,Sandwell,E14001029,F05,West Bromwich East
E08000028,00CS,Sandwell,E14001030,F06,West Bromwich West
E07000168,36UG,Scarborough,E14000913,D87,Scarborough and Whitby
E07000168,36UG,Scarborough,E14000993,E68,Thirsk and Malton
S12000026,00QE,Scottish Borders,S14000008,808,"Berwickshire, Roxburgh and Selkirk"
S12000026,00QE,Scottish Borders,S14000014,814,"Dumfriesshire, Clydesdale and Tweeddale"
E07000188,40UC,Sedgemoor,E14000595,A66,Bridgwater and West Somerset
E07000188,40UC,Sedgemoor,E14001026,F02,Wells
E08000014,00CA,Sefton,E14000581,A52,Bootle
E08000014,00CA,Sefton,E14000916,D90,Sefton Central
E08000014,00CA,Sefton,E14000958,E33,Southport
E07000169,36UH,Selby,E14000917,D91,Selby and Ainsty
E07000111,29UK,Sevenoaks,E14000659,B31,Dartford
E07000111,29UK,Sevenoaks,E14000918,D92,Sevenoaks
E07000111,29UK,Sevenoaks,E14000997,E72,Tonbridge and Malling
E08000019,00CG,Sheffield,E14000876,D50,Penistone and Stocksbridge
E08000019,00CG,Sheffield,E14000919,D93,Sheffield Central
E08000019,00CG,Sheffield,E14000920,D94,Sheffield South East
E08000019,00CG,Sheffield,E14000921,D95,"Sheffield, Brightside and Hillsborough"
E08000019,00CG,Sheffield,E14000922,D96,"Sheffield, Hallam"
E08000019,00CG,Sheffield,E14000923,D97,"Sheffield, Heeley"
E07000112,29UL,Shepway,E14000704,B76,Folkestone and Hythe
S12000027,00RD,Shetland Islands,S14000051,851,Orkney and Shetland
E06000051,00GG,Shropshire,E14000799,C72,Ludlow
E06000051,00GG,Shropshire,E14000849,D23,North Shropshire
E06000051,00GG,Shropshire,E14000926,E01,Shrewsbury and Atcham
E06000051,00GG,Shropshire,E14000992,E67,The Wrekin
E06000039,00MD,Slough,E14000930,E05,Slough
E06000039,00MD,Slough,E14001042,F18,Windsor
E08000029,00CT,Solihull,E14000812,C85,Meriden
E08000029,00CT,Solihull,E14000931,E06,Solihull
S12000028,00RE,South Ayrshire,S14000006,806,"Ayr, Carrick and Cumnock"
S12000028,00RE,South Ayrshire,S14000010,810,Central Ayrshire
E07000006,11UE,South Bucks,E14000550,A21,Beaconsfield
E07000012,12UG,South Cambridgeshire,E14000934,E09,South Cambridgeshire
E07000012,12UG,South Cambridgeshire,E14000937,E12,South East Cambridgeshire
E07000039,17UK,South Derbyshire,E14000935,E10,South Derbyshire
E06000025,00HD,South Gloucestershire,E14000702,B74,Filton and Bradley Stoke
E06000025,00HD,South Gloucestershire,E14000774,C47,Kingswood
E06000025,00HD,South Gloucestershire,E14000994,E69,Thornbury and Yate
E07000044,18UG,South Hams,E14000950,E25,South West Devon
E07000044,18UG,South Hams,E14001001,E76,Totnes
E07000140,32UF,South Holland,E14000939,E14,South Holland and The Deepings
E07000141,32UG,South Kesteven,E14000714,B86,Grantham and Stamford
E07000141,32UG,South Kesteven,E14000929,E04,Sleaford and North Hykeham
E07000141,32UG,South Kesteven,E14000939,E14,South Holland and The Deepings
E07000031,16UG,South Lakeland,E14000543,A14,Barrow and Furness
E07000031,16UG,South Lakeland,E14001037,F13,Westmorland and Lonsdale
S12000029,00RF,South Lanarkshire,S14000014,814,"Dumfriesshire, Clydesdale and Tweeddale"
S12000029,00RF,South Lanarkshire,S14000019,819,"East Kilbride, Strathaven and Lesmahagow"
S12000029,00RF,South Lanarkshire,S14000042,841,Lanark and Hamilton East
S12000029,00RF,South Lanarkshire,S14000056,856,Rutherglen and Hamilton West
E07000149,33UH,South Norfolk,E14000816,C89,Mid Norfolk
E07000149,33UH,South Norfolk,E14000864,D38,Norwich South
E07000149,33UH,South Norfolk,E14000941,E16,South Norfolk
E07000155,34UG,South Northamptonshire,E14000660,B32,Daventry
E07000155,34UG,South Northamptonshire,E14000942,E17,South Northamptonshire
E07000179,38UD,South Oxfordshire,E14000742,C15,Henley
E07000179,38UD,South Oxfordshire,E14001015,E90,Wantage
E07000126,30UN,South Ribble,E14000894,D68,Ribble Valley
E07000126,30UN,South Ribble,E14000943,E18,South Ribble
E07000189,40UD,South Somerset,E14000932,E07,Somerton and Frome
E07000189,40UD,South Somerset,E14001060,F36,Yeovil
E07000196,41UF,South Staffordshire,E14000945,E20,South Staffordshire
E07000196,41UF,South Staffordshire,E14000965,E40,Stafford
E08000023,00CL,South Tyneside,E14000765,C38,Jarrow
E08000023,00CL,South Tyneside,E14000944,E19,South Shields
E06000045,00MS,Southampton,E14000901,D75,Romsey and Southampton North
E06000045,00MS,Southampton,E14000955,E30,"Southampton, Itchen"
E06000045,00MS,Southampton,E14000956,E31,"Southampton, Test"
E06000033,00KF,Southend-on-Sea,E14000899,D73,Rochford and Southend East
E06000033,00KF,Southend-on-Sea,E14000957,E32,Southend West
E09000028,00BE,Southwark,E14000553,A24,Bermondsey and Old Southwark
E09000028,00BE,Southwark,E14000615,A86,Camberwell and Peckham
E09000028,00BE,Southwark,E14000673,B45,Dulwich and West Norwood
E07000213,43UH,Spelthorne,E14000959,E34,Spelthorne
E07000240,26UG,St Albans,E14000749,C22,Hitchin and Harpenden
E07000240,26UG,St Albans,E14000960,E35,St Albans
E07000240,26UG,St Albans,E14001027,F03,Welwyn Hatfield
E07000204,42UF,St Edmundsbury,E14000613,A84,Bury St Edmunds
E07000204,42UF,St Edmundsbury,E14000946,E21,South Suffolk
E07000204,42UF,St Edmundsbury,E14001034,F10,West Suffolk
E08000013,00BZ,St. Helens,E14000962,E37,St Helens North
E08000013,00BZ,St. Helens,E14000963,E38,St Helens South and Whiston
E07000197,41UG,Stafford,E14000965,E40,Stafford
E07000197,41UG,Stafford,E14000975,E50,Stone
E07000198,41UH,Staffordshire Moorlands,E14000966,E41,Staffordshire Moorlands
E07000198,41UH,Staffordshire Moorlands,E14000975,E50,Stone
E07000101,26UH,Stevenage,E14000968,E43,Stevenage
S12000030,00RG,Stirling,S14000057,857,Stirling
E08000007,00BS,Stockport,E14000627,A98,Cheadle
E08000007,00BS,Stockport,E14000661,B33,Denton and Reddish
E08000007,00BS,Stockport,E14000738,C11,Hazel Grove
E08000007,00BS,Stockport,E14000969,E44,Stockport
E06000004,00EF,Stockton-on-Tees,E14000970,E45,Stockton North
E06000004,00EF,Stockton-on-Tees,E14000971,E46,Stockton South
E06000021,00GL,Stoke-on-Trent,E14000972,E47,Stoke-on-Trent Central
E06000021,00GL,Stoke-on-Trent,E14000973,E48,Stoke-on-Trent North
E06000021,00GL,Stoke-on-Trent,E14000974,E49,Stoke-on-Trent South
,95J,Strabane,N06000018,N06000018,West Tyrone
E07000221,44UE,Stratford-on-Avon,E14000767,C40,Kenilworth and Southam
E07000221,44UE,Stratford-on-Avon,E14000977,E52,Stratford-on-Avon
E07000082,23UF,Stroud,E14000980,E55,Stroud
E07000082,23UF,Stroud,E14000991,E66,The Cotswolds
E07000205,42UG,Suffolk Coastal,E14000624,A95,Central Suffolk and North Ipswich
E07000205,42UG,Suffolk Coastal,E14000981,E56,Suffolk Coastal
E08000024,00CM,Sunderland,E14000754,C27,Houghton and Sunderland South
E08000024,00CM,Sunderland,E14000982,E57,Sunderland Central
E08000024,00CM,Sunderland,E14001020,E95,Washington and Sunderland West
E07000214,43UJ,Surrey Heath,E14000983,E58,Surrey Heath
E09000029,00BF,Sutton,E14000621,A92,Carshalton and Wallington
E09000029,00BF,Sutton,E14000984,E59,Sutton and Cheam
E07000113,29UM,Swale,E14000700,B72,Faversham and Mid Kent
E07000113,29UM,Swale,E14000927,E02,Sittingbourne and Sheppey
W06000011,00NX,Swansea,W07000046,W06,Gower
W06000011,00NX,Swansea,W07000048,W08,Swansea East
W06000011,00NX,Swansea,W07000047,W07,Swansea West
E06000030,00HX,Swindon,E14000851,D25,North Swindon
E06000030,00HX,Swindon,E14000947,E22,South Swindon
E08000008,00BT,Tameside,E14000537,A08,Ashton-under-Lyne
E08000008,00BT,Tameside,E14000661,B33,Denton and Reddish
E08000008,00BT,Tameside,E14000967,E42,Stalybridge and Hyde
E07000199,41UK,Tamworth,E14000986,E61,Tamworth
E07000215,43UK,Tandridge,E14000681,B53,East Surrey
E07000190,40UE,Taunton Deane,E14000988,E63,Taunton Deane
E07000045,18UH,Teignbridge,E14000623,A94,Central Devon
E07000045,18UH,Teignbridge,E14000835,D09,Newton Abbot
E06000020,00GF,Telford and Wrekin,E14000989,E64,Telford
E06000020,00GF,Telford and Wrekin,E14000992,E67,The Wrekin
E07000076,22UN,Tendring,E14000642,B14,Clacton
E07000076,22UN,Tendring,E14000734,C07,Harwich and North Essex
E07000093,24UN,Test Valley,E14000857,D31,North West Hampshire
E07000093,24UN,Test Valley,E14000901,D75,Romsey and Southampton North
E07000083,23UG,Tewkesbury,E14000705,B77,Forest of Dean
E07000083,23UG,Tewkesbury,E14000990,E65,Tewkesbury
E07000114,29UN,Thanet,E14000852,D26,North Thanet
E07000114,29UN,Thanet,E14000948,E23,South Thanet
W06000014,00PD,The Vale of Glamorgan,W07000080,W40,Cardiff South and Penarth
W06000014,00PD,The Vale of Glamorgan,W07000078,W38,Vale of Glamorgan
E07000102,26UJ,Three Rivers,E14000951,E26,South West Hertfordshire
E07000102,26UJ,Three Rivers,E14000960,E35,St Albans
E07000102,26UJ,Three Rivers,E14001021,E96,Watford
E06000034,00KG,Thurrock,E14000933,E08,South Basildon and East Thurrock
E06000034,00KG,Thurrock,E14000995,E70,Thurrock
E07000115,29UP,Tonbridge and Malling,E14000626,A97,Chatham and Aylesford
E07000115,29UP,Tonbridge and Malling,E14000997,E72,Tonbridge and Malling
E06000027,00HH,Torbay,E14000999,E74,Torbay
E06000027,00HH,Torbay,E14001001,E76,Totnes
W06000020,00PM,Torfaen,W07000054,W14,Monmouth
W06000020,00PM,Torfaen,W07000053,W13,Torfaen
E07000046,18UK,Torridge,E14001000,E75,Torridge and West Devon
E09000030,00BG,Tower Hamlets,E14000555,A26,Bethnal Green and Bow
E09000030,00BG,Tower Hamlets,E14000882,D56,Poplar and Limehouse
E08000009,00BU,Trafford,E14000532,A03,Altrincham and Sale West
E08000009,00BU,Trafford,E14000979,E54,Stretford and Urmston
E08000009,00BU,Trafford,E14001059,F35,Wythenshawe and Sale East
E07000116,29UQ,Tunbridge Wells,E14000804,C77,Maidstone and The Weald
E07000116,29UQ,Tunbridge Wells,E14001004,E79,Tunbridge Wells
E07000077,22UQ,Uttlesford,E14000910,D84,Saffron Walden
E07000180,38UE,Vale of White Horse,E14000874,D48,Oxford West and Abingdon
E07000180,38UE,Vale of White Horse,E14001015,E90,Wantage
E08000036,00DB,Wakefield,E14000740,C13,Hemsworth
E08000036,00DB,Wakefield,E14000826,C99,Morley and Outwood
E08000036,00DB,Wakefield,E14000836,D10,"Normanton, Pontefract and Castleford"
E08000036,00DB,Wakefield,E14001009,E84,Wakefield
E08000030,00CU,Walsall,E14000531,A02,Aldridge-Brownhills
E08000030,00CU,Walsall,E14001011,E86,Walsall North
E08000030,00CU,Walsall,E14001012,E87,Walsall South
E09000031,00BH,Waltham Forest,E14000634,B06,Chingford and Woodford Green
E09000031,00BH,Waltham Forest,E14000790,C63,Leyton and Wanstead
E09000031,00BH,Waltham Forest,E14001013,E88,Walthamstow
E09000032,00BJ,Wandsworth,E14000549,A20,Battersea
E09000032,00BJ,Wandsworth,E14000887,D61,Putney
E09000032,00BJ,Wandsworth,E14000998,E73,Tooting
E06000007,00EU,Warrington,E14001017,E92,Warrington North
E06000007,00EU,Warrington,E14001018,E93,Warrington South
E07000222,44UF,Warwick,E14000767,C40,Kenilworth and Southam
E07000222,44UF,Warwick,E14001019,E94,Warwick and Leamington
E07000103,26UK,Watford,E14001021,E96,Watford
E07000206,42UH,Waveney,E14000981,E56,Suffolk Coastal
E07000206,42UH,Waveney,E14001022,E97,Waveney
E07000216,43UL,Waverley,E14000719,B91,Guildford
E07000216,43UL,Waverley,E14000953,E28,South West Surrey
E07000065,21UH,Wealden,E14000557,A28,Bexhill and Battle
E07000065,21UH,Wealden,E14000684,B56,Eastbourne
E07000065,21UH,Wealden,E14000786,C59,Lewes
E07000065,21UH,Wealden,E14001023,E98,Wealden
E07000156,34UH,Wellingborough,E14000660,B32,Daventry
E07000156,34UH,Wellingborough,E14001025,F01,Wellingborough
E07000241,26UL,Welwyn Hatfield,E14000606,A77,Broxbourne
E07000241,26UL,Welwyn Hatfield,E14001027,F03,Welwyn Hatfield
E06000037,00MB,West Berkshire,E14000830,D04,Newbury
E06000037,00MB,West Berkshire,E14000890,D64,Reading West
E06000037,00MB,West Berkshire,E14001048,F24,Wokingham
E07000047,18UL,West Devon,E14000623,A94,Central Devon
E07000047,18UL,West Devon,E14001000,E75,Torridge and West Devon
E07000052,19UH,West Dorset,E14000936,E11,South Dorset
E07000052,19UH,West Dorset,E14001031,F07,West Dorset
S12000039,00QG,West Dunbartonshire,S14000059,859,West Dunbartonshire
E07000127,30UP,West Lancashire,E14000943,E18,South Ribble
E07000127,30UP,West Lancashire,E14001033,F09,West Lancashire
E07000142,32UH,West Lindsey,E14000707,B79,Gainsborough
S12000040,00RH,West Lothian,S14000043,842,Linlithgow and East Falkirk
S12000040,00RH,West Lothian,S14000044,843,Livingston
E07000181,38UF,West Oxfordshire,E14001046,F22,Witney
E07000191,40UF,West Somerset,E14000595,A66,Bridgwater and West Somerset
E09000033,00BK,Westminster,E14000639,B11,Cities of London and Westminster
E09000033,00BK,Westminster,E14001036,F12,Westminster North
E07000053,19UJ,Weymouth and Portland,E14000936,E11,South Dorset
E08000010,00BW,Wigan,E14000580,A51,Bolton West
E08000010,00BW,Wigan,E14000785,C58,Leigh
E08000010,00BW,Wigan,E14000805,C78,Makerfield
E08000010,00BW,Wigan,E14001039,F15,Wigan
E06000054,00HY,Wiltshire,E14000635,B07,Chippenham
E06000054,00HY,Wiltshire,E14000665,B37,Devizes
E06000054,00HY,Wiltshire,E14000860,D34,North Wiltshire
E06000054,00HY,Wiltshire,E14000912,D86,Salisbury
E06000054,00HY,Wiltshire,E14000954,E29,South West Wiltshire
E07000094,24UP,Winchester,E14000811,C84,Meon Valley
E07000094,24UP,Winchester,E14001041,F17,Winchester
E06000040,00ME,Windsor and Maidenhead,E14000803,C76,Maidenhead
E06000040,00ME,Windsor and Maidenhead,E14001042,F18,Windsor
E08000015,00CB,Wirral,E14000559,A30,Birkenhead
E08000015,00CB,Wirral,E14001010,E85,Wallasey
E08000015,00CB,Wirral,E14001043,F19,Wirral South
E08000015,00CB,Wirral,E14001044,F20,Wirral West
E07000217,43UM,Woking,E14001047,F23,Woking
E06000041,00MF,Wokingham,E14000586,A57,Bracknell
E06000041,00MF,Wokingham,E14000803,C76,Maidenhead
E06000041,00MF,Wokingham,E14000889,D63,Reading East
E06000041,00MF,Wokingham,E14001048,F24,Wokingham
E08000031,00CW,Wolverhampton,E14001049,F25,Wolverhampton North East
E08000031,00CW,Wolverhampton,E14001050,F26,Wolverhampton South East
E08000031,00CW,Wolverhampton,E14001051,F27,Wolverhampton South West
E07000237,47UE,Worcester,E14001052,F28,Worcester
E07000229,45UH,Worthing,E14000682,B54,East Worthing and Shoreham
E07000229,45UH,Worthing,E14001055,F31,Worthing West
W06000006,00NL,Wrexham,W07000062,W22,Clwyd South
W06000006,00NL,Wrexham,W07000044,W04,Wrexham
E07000238,47UF,Wychavon,E14000818,C91,Mid Worcestershire
E07000238,47UF,Wychavon,E14000892,D66,Redditch
E07000238,47UF,Wychavon,E14001035,F11,West Worcestershire
E07000007,11UF,Wycombe,E14000538,A09,Aylesbury
E07000007,11UF,Wycombe,E14000550,A21,Beaconsfield
E07000007,11UF,Wycombe,E14000608,A79,Buckingham
E07000007,11UF,Wycombe,E14001056,F32,Wycombe
E07000128,30UQ,Wyre,E14000572,A43,Blackpool North and Cleveleys
E07000128,30UQ,Wyre,E14000776,C49,Lancaster and Fleetwood
E07000128,30UQ,Wyre,E14001057,F33,Wyre and Preston North
E07000239,47UG,Wyre Forest,E14001058,F34,Wyre Forest
E06000014,00FF,York,E14001061,F37,York Central
E06000014,00FF,York,E14001062,F38,York Outer
